Brown University,Brown University
Castleton State College,Castleton State College
Cole Hargrave Snodgrass & Associates,Cole Hargrave Snodgrass & Associates
Columbus Dispatch,Columbus Dispatch
Cooper & Secrest,Cooper & Secrest
Critical Insights,Critical Insights
Dittman Research,Dittman Research
EPIC-MRA,EPIC-MRA
Elon University,Elon University
Emerson College,Emerson College
Gallup,Gallup
Gravis Marketing,Gravis Marketing
Grove Insight,Grove Insight
Hamilton Campaigns,Hamilton Campaigns
IBD/TIPP,IBD/TIPP
Inside Michigan Politics,Inside Michigan Politics
InsiderAdvantage,InsiderAdvantage
Ivan Moore Research,Ivan Moore Research
Landmark Communications,Landmark Communications
Magellan Strategies,Magellan Strategies
Marquette University,Marquette University
McLaughlin & Associates,McLaughlin & Associates
Mellman Group,Mellman Group
Momentum Analysis,Momentum Analysis
Monmouth University,Monmouth University
NPR,NPR
National Journal,National Journal
New England College,New England College
Old Dominion University,Old Dominion University
Opinion Research Associates,Opinion Research Associates
Orion Strategies,Orion Strategies
Philadelphia Inquirer,Philadelphia Inquirer
Public Policy Polling,Public Policy Polling
Purple Strategies,Purple Strategies
Research 2000,Research 2000
Rhode Island College,Rhode Island College
Roanoke College,Roanoke College
Southern Media & Opinion Research,Southern Media & Opinion Research
Star Tribune,Star Tribune
Strategies 360,Strategies 360
Suffolk University,Suffolk University
SurveyUSA,SurveyUSA
Tarrance Group,Tarrance Group
University of New Hampshire,University of New Hampshire
University of New Orleans,University of New Orleans
Vanderbilt University,Vanderbilt University
Wenzel Strategies,Wenzel Strategies
Winston Group,Winston Group
Wirthlin Worldwide,Wirthlin Worldwide
YouGov,YouGov
